Alexander,Welch,alexander.welch@thinktank99.com,1986-01-26,gb,n
Emma,Avery,emma.avery@thinktank99.com,1990-07-12,gb,n
Dominic,Davidson,dominic.davidson@thinktank99.com,1994-08-14,gb,n
Boris,Powell,boris.powell@thinktank99.com,1993-06-07,gb,n
Keith,Nolan,keith.nolan@thinktank99.com,1994-10-09,gb,n
Benjamin,Buckland,benjamin.buckland@thinktank99.com,1977-03-03,gb,n
Sally,Cornish,sally.cornish@thinktank99.com,1967-08-11,gb,n
Diane,Blake,diane.blake@thinktank99.com,1989-11-29,gb,n
Warren,Rees,warren.rees@thinktank99.com,1987-12-10,gb,n
William,Wallace,william.wallace@thinktank99.com,1983-05-11,gb,n
Lucas,Powell,lucas.powell@thinktank99.com,1982-06-29,gb,n
Katherine,Powell,katherine.powell@thinktank99.com,1988-01-29,gb,n
Carolyn,Ferguson,carolyn.ferguson@thinktank99.com,1976-11-30,gb,n
Keith,Clark,keith.clark@thinktank99.com,1996-05-04,gb,n
Ella,Paterson,ella.paterson@thinktank99.com,1973-09-16,gb,n
Jane,Campbell,jane.campbell@thinktank99.com,1978-09-15,gb,n
Dominic,Grant,dominic.grant@thinktank99.com,1989-05-23,gb,n
Keith,Parr,keith.parr@thinktank99.com,1985-07-01,gb,n
Maria,Marshall,maria.marshall@thinktank99.com,1991-03-08,gb,n
Emily,Springer,emily.springer@thinktank99.com,1974-03-05,gb,n
Carl,Skinner,carl.skinner@thinktank99.com,1987-05-04,fr,n
Andrea,Fraser,andrea.fraser@thinktank99.com,1989-02-02,fr,n
Adam,Springer,adam.springer@thinktank99.com,1969-12-15,fr,n
Lucas,Peake,lucas.peake@thinktank99.com,1990-09-20,fr,n
Max,Clarkson,max.clarkson@thinktank99.com,1991-09-29,fr,n
Una,Knox,una.knox@thinktank99.com,1979-05-04,fr,n
Warren,Dickens,warren.dickens@thinktank99.com,1970-11-01,fr,n
Leonard,Ferguson,leonard.ferguson@thinktank99.com,1978-06-23,fr,n
Luke,Terry,luke.terry@thinktank99.com,1969-11-17,fr,n
Isaac,Nash,isaac.nash@thinktank99.com,1993-08-31,fr,n
Claire,Bond,claire.bond@thinktank99.com,1989-12-03,fr,n
Tracey,McGrath,tracey.mcgrath@thinktank99.com,1976-04-13,fr,n
Justin,Bell,justin.bell@thinktank99.com,1984-11-04,ie,n
Carolyn,Hudson,carolyn.hudson@thinktank99.com,1995-02-06,ie,n
Julia,Greene,julia.greene@thinktank99.com,1996-11-03,ie,n
Rebecca,Fisher,rebecca.fisher@thinktank99.com,1992-01-17,ie,n
Deirdre,Oliver,deirdre.oliver@thinktank99.com,1976-04-02,ie,n
Jessica,Butler,jessica.butler@thinktank99.com,1990-09-14,ie,n
Cameron,Lee,cameron.lee@thinktank99.com,1980-01-14,ie,n
Elizabeth,Metcalfe,elizabeth.metcalfe@thinktank99.com,1985-11-23,ie,n
Nicola,Dyer,nicola.dyer@thinktank99.com,1968-09-02,ie,n
Heather,Welch,heather.welch@thinktank99.com,1979-12-12,ie,n
Mary,Smith,mary.smith@thinktank99.com,1986-07-02,ie,n
Stephen,Avery,stephen.avery@thinktank99.com,1982-09-27,ie,n
Maria,Robertson,maria.robertson@thinktank99.com,1972-10-12,ie,n
Peter,Reid,peter.reid@thinktank99.com,1975-06-24,ie,n
Isaac,Hart,isaac.hart@thinktank99.com,1986-11-28,ie,n
Dan,Ball,dan.ball@thinktank99.com,1995-02-27,ie,n
Lisa,Abraham,lisa.abraham@thinktank99.com,1990-08-19,ie,n
Sue,Metcalfe,sue.metcalfe@thinktank99.com,1988-10-09,ie,n
Abigail,Sanderson,abigail.sanderson@thinktank99.com,1987-03-18,ie,n
Connor,Abraham,connor.abraham@thinktank99.com,1984-04-15,be,n
Adrian,Parr,adrian.parr@thinktank99.com,1988-10-17,be,n
Robert,Davies,robert.davies@thinktank99.com,1982-09-29,be,n
James,Oliver,james.oliver@thinktank99.com,1994-01-27,be,n
Dan,Howard,dan.howard@thinktank99.com,1982-01-26,be,n
Zoe,Greene,zoe.greene@thinktank99.com,1992-01-31,be,n
Phil,Arnold,phil.arnold@thinktank99.com,1971-07-10,be,n
Sonia,Mills,sonia.mills@thinktank99.com,1970-06-29,be,n
Rose,Hamilton,rose.hamilton@thinktank99.com,1987-01-06,be,n
Lily,Butler,lily.butler@thinktank99.com,1973-05-11,be,n
Phil,Dowd,phil.dowd@thinktank99.com,1971-01-08,be,n
Carl,Oliver,carl.oliver@thinktank99.com,1986-07-01,be,n
Carol,Hudson,carol.hudson@thinktank99.com,1990-11-28,be,n
Grace,Carr,grace.carr@thinktank99.com,1973-08-23,be,n
Lillian,White,lillian.white@thinktank99.com,1996-07-20,be,n
Joseph,Metcalfe,joseph.metcalfe@thinktank99.com,1988-01-25,be,n
Neil,Kerr,neil.kerr@thinktank99.com,1968-06-11,be,n
Andrea,Peters,andrea.peters@thinktank99.com,1979-11-20,be,n
Sophie,Dyer,sophie.dyer@thinktank99.com,1986-07-20,be,n
Faith,Fisher,faith.fisher@thinktank99.com,1984-11-19,be,n
Sonia,Wilkins,sonia.wilkins@thinktank99.com,1983-11-10,be,n
Lauren,Berry,lauren.berry@thinktank99.com,1971-01-06,be,n
Liam,Langdon,liam.langdon@thinktank99.com,1977-06-01,us,n
Anthony,Mills,anthony.mills@thinktank99.com,1989-11-16,us,n
Sebastian,McDonald,sebastian.mcdonald@thinktank99.com,1977-07-28,us,n
Carl,Hill,carl.hill@thinktank99.com,1986-07-10,us,n
Sonia,Sharp,sonia.sharp@thinktank99.com,1972-09-28,us,n
Austin,Mathis,austin.mathis@thinktank99.com,1993-01-20,us,n
Keith,McDonald,keith.mcdonald@thinktank99.com,1981-03-27,us,n
Anna,Quinn,anna.quinn@thinktank99.com,1973-10-11,us,n
John,Lawrence,john.lawrence@thinktank99.com,1970-05-07,us,n
Max,James,max.james@thinktank99.com,1996-10-17,us,n
Bad,McBad,bad.mcbad@thinktank99.com,1902-01-01,au,y
Grace,Churchill,grace.churchill@thinktank99.com,1968-07-27,us,n
Cameron,Short,cameron.short@thinktank99.com,1979-01-19,us,n
Lisa,Dickens,lisa.dickens@thinktank99.com,1975-05-18,us,n
Jessica,Hodges,jessica.hodges@thinktank99.com,1982-11-22,us,n
Leonard,May,leonard.may@thinktank99.com,1984-06-15,us,n
Rose,Hughes,rose.hughes@thinktank99.com,1976-01-14,us,n
Olivia,Hardacre,olivia.hardacre@thinktank99.com,1982-06-30,us,n
Angela,Gibson,angela.gibson@thinktank99.com,1977-04-29,us,n
Abigail,Lawrence,abigail.lawrence@thinktank99.com,1968-11-01,us,n
Dorothy,Davies,dorothy.davies@thinktank99.com,1983-09-22,us,n
Leonard,Powell,leonard.powell@thinktank99.com,1977-11-22,ca,n
Thomas,Poole,thomas.poole@thinktank99.com,1988-09-30,ca,n
Madeleine,Taylor,madeleine.taylor@thinktank99.com,1986-03-30,ca,n
Colin,Gray,colin.gray@thinktank99.com,1977-07-10,ca,n
Austin,Gibson,austin.gibson@thinktank99.com,1980-08-30,ca,n
Edward,Hemmings,edward.hemmings@thinktank99.com,1973-01-03,ca,n
Paul,Young,paul.young@thinktank99.com,1994-03-28,ca,n
Nasty,McNasty,Nasty.McNasty@thinktank99.com,1908-09-23,ie,y
